#State Text Reference;;;;;;;
#Reference Number;Text 1 or Inactive-Text ;Text 2 or Active-Text ;Text 3;Text 4;Text 5;...;Text n
0;Celsius;Fahrenheit;
1;Disable;Enable;
2;Enable;Disable;
3;Off;On;
4;InternSensor;ExternSensor;
5;Cooling;Heating;
6;SetPoint;Off;
7;No;Yes;
8;RemoteMode;LocalMode;
9;NormOpen;NormClose;
10;Direct;Reverse;
11;"Auto";"Fan";"Off"
12;"Auto";"Low";"Medium";"High"
13;"Auto";"Dehumidification";"Humidification";"Off"
14;"Locally";"Cooling";"Heating"
15;"Locally";"Off";"Occupancy";"NoOccupancy"
16;"NoOccupancy";"Occupancy";"Override"
17;"Day";"Night";"Override"
18;"Auto";"Heating";"Cooling";"HeatingOrCooling";"AutoLock"
19;"NetworkSensor";"InternSensor";"ExternSensor"
20;"1Speed";"2Speeds";"3Speeds"
21;"Low";"Medium";"High";"Auto"
22;"ChangeOverSensor";"ChOvContactNormCool";"ChOvContactNormHeat"
23;"Off";"2-10V";"0-10V"
24;"Off";"AnalogInput3";"AnalogInput4";"AnalogInput5";"AnalogInput6"
25;"Off";"OccNormOpen";"OccNormClose";"NSBNormOpen";"NSBNormClose"
26;"Off";"Override";"Window";"Door";"DirtyFilter";"FlowSwitch";"Overheat";"SelectorSwitch"
27;"Off";"ChangeOverWithFan";"CoolingWithFan";"HeatingWithFan";"ReHeatWithFan";"ReHeat";"HumidifyWithFan"
28;"Off";"ChangeOverWithFan";"CoolingWithFan";"HeatingWithFan";"ReHeatWithFan";"ReHeat";"HumidifyWithFan";"Fan"
29;"Off";"ChangeOverWithFan";"CoolingWithFan";"HeatingWithFan";"ReHeatWithFan";"ReHeat"
30;"On_Off"
31;"TempAndDemand";"SetPointAndDemand";"TempOnly";"SetPointOnly";"Off"
