# Proposal_Engineering-Data-Exchange - B.I.G.-EU;;;;;;;;;;;;;;;
PROJECT_NAME;FCB-OE1;;;;;;;;;;;;;;
VERSION_OF_REFERENCEFILE;BACnet fancoil controller;;;;;;;;;;;;;;
TIMESTAMP_OF_LAST_CHANGE;01.04.21;;;;;;;;;;;;;;
AUTHOR_OF_LAST_CHANGE;Admin;;;;;;;;;;;;;;
VERSION_OF_LAYOUT;2.1;;;;;;;;;;;;;;
#mandatory;mandatory;mandatory;mandatory;mandatory;optional;optional;optional;optional;optional;optional;optional;optional;optional;optional;optional
# keyname;device obj.-instance;object-name;object-type;object-instance;description;present-value-default;min-present-value;max-present-value;settable;supports COV;hi-limit;low-limit;state-text-reference;unit-code;vendor-specific-address
FCB-OE1;153006;FCB-OE1;8;153006;BACnet fancoil controller;;;;;;;;;;
ExternTemp;153006;ExternTemp;0;1;ExternTemp;0.000000;0.000000;50.000000;;;;;;62;
ChangeOverTemp;153006;ChangeOverTemp;0;2;ChangeOverTemp;0.000000;0.000000;50.000000;;;;;;62;
AnalogInput3;153006;AnalogInput3;0;3;AnalogInput3;-40.000000;-40.000000;100.000000;;;;;;62;
AnalogInput4;153006;AnalogInput4;0;4;AnalogInput4;-40.000000;-40.000000;100.000000;;;;;;62;
AnalogInput5;153006;AnalogInput5;0;5;AnalogInput5;-40.000000;-40.000000;100.000000;;;;;;62;
AnalogInput6;153006;AnalogInput6;0;6;AnalogInput6;-40.000000;-40.000000;100.000000;;;;;;62;
InternTemp;153006;InternTemp;0;7;InternTemp;26.639999;0.000000;50.000000;;;;;;62;
InternHumidity;153006;InternHumidity;0;8;InternHumidity;80.400002;5.000000;95.000000;;;;;;29;
ControlTemp;153006;ControlTemp;2;1;ControlTemp;26.650000;;;;;;;;62;
Cfg_NetworkTimeOut;153006;Cfg_NetworkTimeOut;2;2;Cfg_NetworkTimeOut;5.000000;;;;;;;;72;
Cfg_InternTempOffset;153006;Cfg_InternTempOffset;2;5;Cfg_InternTempOffset;-1.400000;;;;;;;;62;
Cfg_ExternTempOffset;153006;Cfg_ExternTempOffset;2;6;Cfg_ExternTempOffset;0.000000;;;;;;;;62;
Cfg_AI3ExternTempMin;153006;Cfg_AI3ExternTempMin;2;7;Cfg_AI3ExternTempMin;0.000000;;;;;;;;62;
Cfg_AI3ExternTempMax;153006;Cfg_AI3ExternTempMax;2;8;Cfg_AI3ExternTempMax;50.000000;;;;;;;;62;
TempSetPoint;153006;TempSetPoint;2;9;TempSetPoint;22.000000;;;;;;;;62;
Cfg_MinSetPoint;153006;Cfg_MinSetPoint;2;10;Cfg_MinSetPoint;15.000000;;;;;;;;62;
Cfg_MaxSetPoint;153006;Cfg_MaxSetPoint;2;11;Cfg_MaxSetPoint;30.000000;;;;;;;;62;
SetPointCoolNoOccNSB;153006;SetPointCoolNoOccNSB;2;12;SetPointCoolNoOccNSB;28.000000;;;;;;;;62;
SetPointHeatNoOccNSB;153006;SetPointHeatNoOccNSB;2;13;SetPointHeatNoOccNSB;16.000000;;;;;;;;62;
HeatingDemand;153006;HeatingDemand;2;20;HeatingDemand;0.000000;;;;;;;;98;
Cfg_HeatingPropBand;153006;Cfg_HeatingPropBand;2;21;Cfg_HeatingPropBand;2.000000;;;;;;;;62;
Cfg_HeatingDeadBand;153006;Cfg_HeatingDeadBand;2;22;Cfg_HeatingDeadBand;0.300000;;;;;;;;62;
ReHeatDemand;153006;ReHeatDemand;2;24;ReHeatDemand;0.000000;;;;;;;;98;
Cfg_ReHeatPropBand;153006;Cfg_ReHeatPropBand;2;25;Cfg_ReHeatPropBand;2.000000;;;;;;;;62;
Cfg_ReHeatDeadBand;153006;Cfg_ReHeatDeadBand;2;26;Cfg_ReHeatDeadBand;0.300000;;;;;;;;62;
Cfg_IntegralTimeHeating;153006;Cfg_IntegralTimeHeating;2;32;Cfg_IntegralTimeHeating;0.000000;;;;;;;;73;
CoolingDemand;153006;CoolingDemand;2;35;CoolingDemand;100.000000;;;;;;;;98;
Cfg_CoolingPropBand;153006;Cfg_CoolingPropBand;2;36;Cfg_CoolingPropBand;2.000000;;;;;;;;62;
Cfg_CoolingDeadBand;153006;Cfg_CoolingDeadBand;2;37;Cfg_CoolingDeadBand;0.300000;;;;;;;;62;
Cfg_IntegralTimeCooling;153006;Cfg_IntegralTimeCooling;2;45;Cfg_IntegralTimeCooling;0.000000;;;;;;;;73;
Cfg_CoolingAntiCycleDelay;153006;Cfg_CoolingAntiCycleDelay;2;46;Cfg_CoolingAntiCycleDelay;0.000000;;;;;;;;72;
ChangeOverDemand;153006;ChangeOverDemand;2;50;ChangeOverDemand;100.000000;;;;;;;;98;
Cfg_ChangeOverPropBand;153006;Cfg_ChangeOverPropBand;2;51;Cfg_ChangeOverPropBand;2.000000;;;;;;;;62;
Cfg_ChangeOverDeadBand;153006;Cfg_ChangeOverDeadBand;2;52;Cfg_ChangeOverDeadBand;0.300000;;;;;;;;62;
ChangeOverSetPoint;153006;ChangeOverSetPoint;2;53;ChangeOverSetPoint;24.000000;;;;;;;;62;
Cfg_CL_HT_SwitchTimer;153006;Cfg_CL_HT_SwitchTimer;2;56;Cfg_CL_HT_SwitchTimer;0.000000;;;;;;;;72;
CL_HT_SwitchTimerCount;153006;CL_HT_SwitchTimerCount;2;58;CL_HT_SwitchTimerCount;0.000000;;;;;;;;73;
FanDemand;153006;FanDemand;2;60;FanDemand;100.000000;;;;;;;;98;
Cfg_FanAutoTimeOutDelay;153006;Cfg_FanAutoTimeOutDelay;2;61;Cfg_FanAutoTimeOutDelay;120.000000;;;;;;;;73;
Cfg_FanDampingFactor;153006;Cfg_FanDampingFactor;2;62;Cfg_FanDampingFactor;0.000000;;;;;;;;73;
ExternHumidity;153006;ExternHumidity;2;70;ExternHumidity;999.000000;;;;;;;;29;
Cfg_InternHumidityOffset;153006;Cfg_InternHumidityOffset;2;71;Cfg_InternHumidityOffset;0.000000;;;;;;;;29;
Cfg_ExternHumidityOffset;153006;Cfg_ExternHumidityOffset;2;72;Cfg_ExternHumidityOffset;0.000000;;;;;;;;29;
HumSetPoint;153006;HumSetPoint;2;73;HumSetPoint;40.000000;;;;;;;;29;
Cfg_HumMinSetPoint;153006;Cfg_HumMinSetPoint;2;74;Cfg_HumMinSetPoint;30.000000;;;;;;;;29;
Cfg_HumMaxSetPoint;153006;Cfg_HumMaxSetPoint;2;75;Cfg_HumMaxSetPoint;65.000000;;;;;;;;29;
DehumdifySPNoOccNSB;153006;DehumdifySPNoOccNSB;2;76;DehumdifySPNoOccNSB;45.000000;;;;;;;;29;
HumidifySPNoOccNSB;153006;HumidifySPNoOccNSB;2;77;HumidifySPNoOccNSB;30.000000;;;;;;;;29;
HumidifyDemand;153006;HumidifyDemand;2;78;HumidifyDemand;0.000000;;;;;;;;98;
DehumidifyDemand;153006;DehumidifyDemand;2;79;DehumidifyDemand;0.000000;;;;;;;;98;
Cfg_HumPropBand;153006;Cfg_HumPropBand;2;80;Cfg_HumPropBand;5.000000;;;;;;;;29;
Cfg_HumDeadBand;153006;Cfg_HumDeadBand;2;81;Cfg_HumDeadBand;1.000000;;;;;;;;29;
Cfg_NSBOverrideDelay;153006;Cfg_NSBOverrideDelay;2;85;Cfg_NSBOverrideDelay;120.000000;;;;;;;;72;
Cfg_NoOccOverrideDelay;153006;Cfg_NoOccOverrideDelay;2;86;Cfg_NoOccOverrideDelay;120.000000;;;;;;;;72;
Cfg_NoOccOvCountDown;153006;Cfg_NoOccOvCountDown;2;87;Cfg_NoOccOvCountDown;0.000000;;;;;;;;72;
Cfg_OccupancyMinTime;153006;Cfg_OccupancyMinTime;2;88;Cfg_OccupancyMinTime;30.000000;;;;;;;;72;
Cfg_DigitalInput1Delay;153006;Cfg_DigitalInput1Delay;2;90;Cfg_DigitalInput1Delay;120.000000;;;;;;;;73;
Cfg_DigitalInput2Delay;153006;Cfg_DigitalInput2Delay;2;91;Cfg_DigitalInput2Delay;120.000000;;;;;;;;73;
Cfg_DigitalInput4Delay;153006;Cfg_DigitalInput4Delay;2;93;Cfg_DigitalInput4Delay;120.000000;;;;;;;;73;
Cfg_AnalogOutput1Min;153006;Cfg_AnalogOutput1Min;2;100;Cfg_AnalogOutput1Min;0.000000;;;;;;;;5;
Cfg_AnalogOutput1Max;153006;Cfg_AnalogOutput1Max;2;101;Cfg_AnalogOutput1Max;10.000000;;;;;;;;5;
Cfg_AnalogOutput2Min;153006;Cfg_AnalogOutput2Min;2;103;Cfg_AnalogOutput2Min;0.000000;;;;;;;;5;
Cfg_AnalogOutput2Max;153006;Cfg_AnalogOutput2Max;2;104;Cfg_AnalogOutput2Max;10.000000;;;;;;;;5;
Cfg_AnalogOutput3Min;153006;Cfg_AnalogOutput3Min;2;106;Cfg_AnalogOutput3Min;0.000000;;;;;;;;5;
Cfg_AnalogOutput3Max;153006;Cfg_AnalogOutput3Max;2;107;Cfg_AnalogOutput3Max;10.000000;;;;;;;;5;
Cfg_AnalogOutput4Min;153006;Cfg_AnalogOutput4Min;2;109;Cfg_AnalogOutput4Min;0.000000;;;;;;;;5;
Cfg_AnalogOutput4Max;153006;Cfg_AnalogOutput4Max;2;110;Cfg_AnalogOutput4Max;10.000000;;;;;;;;5;
Cfg_TO1ClosePos;153006;Cfg_TO1ClosePos;2;135;Cfg_TO1ClosePos;25.000000;;;;;;;;98;
Cfg_TO1OpenPos;153006;Cfg_TO1OpenPos;2;136;Cfg_TO1OpenPos;0.000000;;;;;;;;98;
Cfg_TO2ClosePos;153006;Cfg_TO2ClosePos;2;137;Cfg_TO2ClosePos;50.000000;;;;;;;;98;
Cfg_TO2OpenPos;153006;Cfg_TO2OpenPos;2;138;Cfg_TO2OpenPos;25.000000;;;;;;;;98;
Cfg_TO3ClosePos;153006;Cfg_TO3ClosePos;2;139;Cfg_TO3ClosePos;80.000000;;;;;;;;98;
Cfg_TO3OpenPos;153006;Cfg_TO3OpenPos;2;140;Cfg_TO3OpenPos;50.000000;;;;;;;;98;
Cfg_TO4ClosePos;153006;Cfg_TO4ClosePos;2;141;Cfg_TO4ClosePos;80.000000;;;;;;;;98;
Cfg_TO4OpenPos;153006;Cfg_TO4OpenPos;2;142;Cfg_TO4OpenPos;50.000000;;;;;;;;98;
FloatingTO1/TO2;153006;FloatingTO1/TO2;2;145;FloatingTO1/TO2;0.000000;;;;;;;;98;
Cfg_FloatingTO1/TO2Timer;153006;Cfg_FloatingTO1/TO2Timer;2;146;Cfg_FloatingTO1/TO2Timer;100.000000;;;;;;;;73;
FloatingTO3/TO4;153006;FloatingTO3/TO4;2;150;FloatingTO3/TO4;0.000000;;;;;;;;98;
Cfg_FloatingTO3/TO4Timer;153006;Cfg_FloatingTO3/TO4Timer;2;151;Cfg_FloatingTO3/TO4Timer;100.000000;;;;;;;;73;
TO1Pulsing;153006;TO1Pulsing;2;155;TO1Pulsing;0.000000;;;;;;;;98;
TO2Pulsing;153006;TO2Pulsing;2;156;TO2Pulsing;0.000000;;;;;;;;98;
TO3Pulsing;153006;TO3Pulsing;2;157;TO3Pulsing;0.000000;;;;;;;;98;
TO4Pulsing;153006;TO4Pulsing;2;158;TO4Pulsing;0.000000;;;;;;;;98;
CopyCfgStartAddress;153006;CopyCfgStartAddress;2;165;CopyCfgStartAddress;0.000000;;;;;;;;95;
CopyCfgEndAddress;153006;CopyCfgEndAddress;2;166;CopyCfgEndAddress;0.000000;;;;;;;;95;
CopyCfgResult;153006;CopyCfgResult;2;167;CopyCfgResult;0.000000;;;;;;;;95;
AnalogOutput1;153006;AnalogOutput1;1;1;AnalogOutput1;100.000000;0.000000;100.000000;;;;;;98;
AnalogOutput2;153006;AnalogOutput2;1;2;AnalogOutput2;0.000000;0.000000;100.000000;;;;;;98;
AnalogOutput3;153006;AnalogOutput3;1;3;AnalogOutput3;0.000000;0.000000;100.000000;;;;;;98;
AnalogOutput4;153006;AnalogOutput4;1;4;AnalogOutput4;0.000000;0.000000;100.000000;;;;;;98;
Cfg_TempUnitBACnet;153006;Cfg_TempUnitBACnet;5;1;Cfg_TempUnitBACnet;0;;;;;;;0;;
Cfg_TempSetPointLock;153006;Cfg_TempSetPointLock;5;2;Cfg_TempSetPointLock;0;;;;;;;1;;
Cfg_UserSysOffMode;153006;Cfg_UserSysOffMode;5;3;Cfg_UserSysOffMode;0;;;;;;;2;;
Cfg_TempUnitTstat;153006;Cfg_TempUnitTstat;5;4;Cfg_TempUnitTstat;0;;;;;;;0;;
AL_FreezeProtection;153006;AL_FreezeProtection;5;5;AL_FreezeProtection;0;;;;;;;3;;
Cfg_HeatingRampLock;153006;Cfg_HeatingRampLock;5;10;Cfg_HeatingRampLock;0;;;;;;;3;;
Cfg_ReHeatRampLock;153006;Cfg_ReHeatRampLock;5;11;Cfg_ReHeatRampLock;0;;;;;;;3;;
Cfg_CoolingRampLock;153006;Cfg_CoolingRampLock;5;13;Cfg_CoolingRampLock;0;;;;;;;3;;
AL_Condensation;153006;AL_Condensation;5;16;AL_Condensation;0;;;;;;;3;;
Cfg_ChangeOverRampLock;153006;Cfg_ChangeOverRampLock;5;17;Cfg_ChangeOverRampLock;0;;;;;;;3;;
Cfg_UserFanAutoMode;153006;Cfg_UserFanAutoMode;5;20;Cfg_UserFanAutoMode;0;;;;;;;2;;
Cfg_HumControlSource;153006;Cfg_HumControlSource;5;25;Cfg_HumControlSource;0;;;;;;;4;;
Cfg_HumSetPointLock;153006;Cfg_HumSetPointLock;5;26;Cfg_HumSetPointLock;0;;;;;;;1;;
Cfg_HumidifyRampLock;153006;Cfg_HumidifyRampLock;5;27;Cfg_HumidifyRampLock;0;;;;;;;3;;
Cfg_DehumidifyRampLock;153006;Cfg_DehumidifyRampLock;5;28;Cfg_DehumidifyRampLock;0;;;;;;;3;;
ChangeOverMode;153006;ChangeOverMode;5;30;ChangeOverMode;0;;;;;;;5;;
Cfg_NightOrNoOccMode;153006;Cfg_NightOrNoOccMode;5;35;Cfg_NightOrNoOccMode;1;;;;;;;6;;
AL_DirtyFilter;153006;AL_DirtyFilter;5;36;AL_DirtyFilter;0;;;;;;;7;;
AL_FlowSwitch;153006;AL_FlowSwitch;5;37;AL_FlowSwitch;0;;;;;;;7;;
AL_Override;153006;AL_Override;5;38;AL_Override;0;;;;;;;7;;
AL_WindowOpened;153006;AL_WindowOpened;5;39;AL_WindowOpened;0;;;;;;;7;;
AL_DoorOpened;153006;AL_DoorOpened;5;40;AL_DoorOpened;0;;;;;;;7;;
AL_OverHeat;153006;AL_OverHeat;5;41;AL_OverHeat;0;;;;;;;7;;
AL_SelectorSwitchStatus;153006;AL_SelectorSwitchStatus;5;42;AL_SelectorSwitchStatus;0;;;;;;;8;;
Cfg_DigitalInput1Contact;153006;Cfg_DigitalInput1Contact;5;45;Cfg_DigitalInput1Contact;0;;;;;;;9;;
Cfg_DigitalInput2Contact;153006;Cfg_DigitalInput2Contact;5;46;Cfg_DigitalInput2Contact;0;;;;;;;9;;
Cfg_DigitalInput4Contact;153006;Cfg_DigitalInput4Contact;5;48;Cfg_DigitalInput4Contact;0;;;;;;;9;;
Cfg_AnalogOutput1Direction;153006;Cfg_AnalogOutput1Direction;5;50;Cfg_AnalogOutput1Direction;0;;;;;;;10;;
Cfg_AnalogOutput2Direction;153006;Cfg_AnalogOutput2Direction;5;51;Cfg_AnalogOutput2Direction;0;;;;;;;10;;
Cfg_AnalogOutput3Direction;153006;Cfg_AnalogOutput3Direction;5;52;Cfg_AnalogOutput3Direction;0;;;;;;;10;;
Cfg_AnalogOutput4Direction;153006;Cfg_AnalogOutput4Direction;5;53;Cfg_AnalogOutput4Direction;0;;;;;;;10;;
Cfg_TO1Direction;153006;Cfg_TO1Direction;5;70;Cfg_TO1Direction;0;;;;;;;10;;
Cfg_TO2Direction;153006;Cfg_TO2Direction;5;71;Cfg_TO2Direction;0;;;;;;;10;;
Cfg_TO3Direction;153006;Cfg_TO3Direction;5;72;Cfg_TO3Direction;0;;;;;;;10;;
Cfg_TO4Direction;153006;Cfg_TO4Direction;5;73;Cfg_TO4Direction;0;;;;;;;10;;
Cfg_FloatingTO1/TO2Direction;153006;Cfg_FloatingTO1/TO2Direction;5;74;Cfg_FloatingTO1/TO2Direction;0;;;;;;;10;;
Cfg_FloatingTO3/TO4Direction;153006;Cfg_FloatingTO3/TO4Direction;5;75;Cfg_FloatingTO3/TO4Direction;0;;;;;;;10;;
Cfg_ServiceDisplayAddress;153006;Cfg_ServiceDisplayAddress;5;85;Cfg_ServiceDisplayAddress;0;;;;;;;3;;
Cfg_KeyPadUpperLeftLock;153006;Cfg_KeyPadUpperLeftLock;5;86;Cfg_KeyPadUpperLeftLock;0;;;;;;;3;;
Cfg_KeyPadBottomLeftLock;153006;Cfg_KeyPadBottomLeftLock;5;87;Cfg_KeyPadBottomLeftLock;0;;;;;;;3;;
Cfg_KeyPadArrowsLock;153006;Cfg_KeyPadArrowsLock;5;88;Cfg_KeyPadArrowsLock;0;;;;;;;3;;
Cfg_ProgramModeLock;153006;Cfg_ProgramModeLock;5;89;Cfg_ProgramModeLock;0;;;;;;;3;;
CopyCfgExecute;153006;CopyCfgExecute;5;90;CopyCfgExecute;0;;;;;;;7;;
Cfg_ActivateSchedule;153006;Cfg_ActivateSchedule;5;91;Cfg_ActivateSchedule;0;;;;;;;7;;
FanContactHigh;153006;FanContactHigh;4;1;FanContactHigh;1;;;;;;;;;
FanContactMed;153006;FanContactMed;4;2;FanContactMed;0;;;;;;;;;
FanContactLow;153006;FanContactLow;4;3;FanContactLow;0;;;;;;;;;
TO1OnOff;153006;TO1OnOff;4;8;TO1OnOff;0;;;;;;;;;
TO2OnOff;153006;TO2OnOff;4;9;TO2OnOff;0;;;;;;;;;
TO3OnOff;153006;TO3OnOff;4;10;TO3OnOff;0;;;;;;;;;
TO4OnOff;153006;TO4OnOff;4;11;TO4OnOff;0;;;;;;;;;
DigitalInput1;153006;DigitalInput1;3;1;DigitalInput1;0;;;;;;;;;
DigitalInput2;153006;DigitalInput2;3;2;DigitalInput2;0;;;;;;;;;
DigitalInput3;153006;DigitalInput3;3;3;DigitalInput3;0;;;;;;;;;
DigitalInput4;153006;DigitalInput4;3;4;DigitalInput4;0;;;;;;;;;
SystemMode;153006;SystemMode;19;1;SystemMode;1;;;;;;;11;;
UserFanSpeedSelect;153006;UserFanSpeedSelect;19;2;UserFanSpeedSelect;1;;;;;;;12;;
HumControlMode;153006;HumControlMode;19;5;HumControlMode;4;;;;;;;13;;
Cfg_ChangeOverControlMode;153006;Cfg_ChangeOverControlMode;19;10;Cfg_ChangeOverControlMode;1;;;;;;;14;;
NsbOccCommand;153006;NsbOccCommand;19;13;NsbOccCommand;1;;;;;;;15;;
OccupancyStatus;153006;OccupancyStatus;19;14;OccupancyStatus;2;;;;;;;16;;
NightSetBackStatus;153006;NightSetBackStatus;19;15;NightSetBackStatus;1;;;;;;;17;;
Cfg_SequenceSelect;153006;Cfg_SequenceSelect;19;20;Cfg_SequenceSelect;5;;;;;;;18;;
Cfg_TempControlSource;153006;Cfg_TempControlSource;19;21;Cfg_TempControlSource;2;;;;;;;19;;
Cfg_FanOperationType;153006;Cfg_FanOperationType;19;25;Cfg_FanOperationType;3;;;;;;;20;;
Cfg_FanModeNoOccNight;153006;Cfg_FanModeNoOccNight;19;26;Cfg_FanModeNoOccNight;4;;;;;;;21;;
Cfg_ChangeOverInputSignal;153006;Cfg_ChangeOverInputSignal;19;36;Cfg_ChangeOverInputSignal;1;;;;;;;22;;
Cfg_AI3ExternTempType;153006;Cfg_AI3ExternTempType;19;38;Cfg_AI3ExternTempType;1;;;;;;;23;;
Cfg_ExternHumidityInput;153006;Cfg_ExternHumidityInput;19;39;Cfg_ExternHumidityInput;1;;;;;;;24;;
Cfg_NsbOccContact;153006;Cfg_NsbOccContact;19;45;Cfg_NsbOccContact;2;;;;;;;25;;
Cfg_DigitalInput1Type;153006;Cfg_DigitalInput1Type;19;46;Cfg_DigitalInput1Type;6;;;;;;;26;;
Cfg_DigitalInput2Type;153006;Cfg_DigitalInput2Type;19;47;Cfg_DigitalInput2Type;5;;;;;;;26;;
Cfg_DigitalInput4Type;153006;Cfg_DigitalInput4Type;19;49;Cfg_DigitalInput4Type;1;;;;;;;26;;
Cfg_AnalogOutput1Ramp;153006;Cfg_AnalogOutput1Ramp;19;55;Cfg_AnalogOutput1Ramp;3;;;;;;;27;;
Cfg_AnalogOutput2Ramp;153006;Cfg_AnalogOutput2Ramp;19;57;Cfg_AnalogOutput2Ramp;1;;;;;;;27;;
Cfg_AnalogOutput3Ramp;153006;Cfg_AnalogOutput3Ramp;19;59;Cfg_AnalogOutput3Ramp;1;;;;;;;27;;
Cfg_AnalogOutput4Ramp;153006;Cfg_AnalogOutput4Ramp;19;61;Cfg_AnalogOutput4Ramp;1;;;;;;;28;;
Cfg_TO1Ramp;153006;Cfg_TO1Ramp;19;80;Cfg_TO1Ramp;1;;;;;;;29;;
Cfg_TO1SignalType;153006;Cfg_TO1SignalType;19;81;Cfg_TO1SignalType;1;;;;;;;30;;
Cfg_TO2Ramp;153006;Cfg_TO2Ramp;19;82;Cfg_TO2Ramp;1;;;;;;;29;;
Cfg_TO2SignalType;153006;Cfg_TO2SignalType;19;83;Cfg_TO2SignalType;1;;;;;;;30;;
Cfg_TO3Ramp;153006;Cfg_TO3Ramp;19;84;Cfg_TO3Ramp;1;;;;;;;29;;
Cfg_TO3SignalType;153006;Cfg_TO3SignalType;19;85;Cfg_TO3SignalType;1;;;;;;;30;;
Cfg_TO4Ramp;153006;Cfg_TO4Ramp;19;86;Cfg_TO4Ramp;1;;;;;;;29;;
Cfg_TO4SignalType;153006;Cfg_TO4SignalType;19;87;Cfg_TO4SignalType;1;;;;;;;30;;
Cfg_DisplayInfo;153006;Cfg_DisplayInfo;19;95;Cfg_DisplayInfo;1;;;;;;;31;;
ProgramFirmware;153006;ProgramFirmware;16;1;ProgramFirmware;;;;;;;;;;
FirmwareBinaryFile;153006;FirmwareBinaryFile;10;1;FirmwareBinaryFile;;;;;;;;;;
OccupancySchedule;153006;OccupancySchedule;17;1;OccupancySchedule;<TYPE>0</TYPE><DATA></DATA>;;;;;;;;;
